name,split,map_loss,map_loss.stderr,map_depth,map_depth.stderr,map_chamfer,map_chamfer.stderr
small/base,all,0.12764222278142281,0.0,4.175450037132283,0.0,1.222020172649772,0.0
small/bike,bike,0.18710604489016824,0.0035395626483779824,5.859692906813313,0.07699571073919195,1.6690750225555604,0.01702390583573198
small/indoor,indoor,0.20406766802358053,0.001802624407568127,6.579759990425395,0.06220162807350876,2.31105230128091,0.02540886681779192
small/outdoor,outdoor,0.19362061720145338,0.004058425043261145,6.025116460342108,0.08014757772841857,1.7913225153592625,0.023471329789446455
